{
  "name": "smp_ts",
  "in_dim": 8,
  "cude_enalbed": 0,
  "init_noise_amp": 0.0,
  "gradient_clip": 0.25,
  "optimizer": "Adam",
  "data_file": "./data/WithoutMediateTwo_TrainingSet-2020_01_02-1.mat",
  "data_attr": "data_ST",
  "data_brief": "data_ST_Brief",
  "validation_data_file": "./data/WithoutMediateTwo_TestingSet-2020_01_02-1.mat",
  "log_path": "./log_m/ST/",
  "model_path": "./save_m/model-sp_ts_",
  "load_model": "",
  "train_num": 1.5e6,
  "reset_hidden": 0,
  "lr": 1e-4,
  "record": 1,
  "need_train": 1,
  "need_validate": 1,
  "lesion": "",
  "anlys_file": "",
  "batch_size": 1
}